{"is_source_file": false, "format": "", "description": "", "external_files": [], "external_methods": [], "published": [], "classes": [], "methods": [], "calls": [], "search-terms": [], "state": 2, "file_id": 6, "knowledge_revision": 14, "git_revision": "cf7b594d12b6a41b74727ef5c024cde5cc87e711", "hash": "22f9e17cc1848b56dbb244518ac2707e", "format-version": 4, "code-base-name": "todo_frontend", "filename": "todo_frontend/src/App.css", "revision_history": [{"14": "cf7b594d12b6a41b74727ef5c024cde5cc87e711"}]}